-- --------------------------------------------------------
-- 호스트:                          k9c104.p.ssafy.io
-- 서버 버전:                        8.1.0 - MySQL Community Server - GPL
-- 서버 OS:                        Linux
-- HeidiSQL 버전:                  12.5.0.6677
-- --------------------------------------------------------

/*!40101 SET @OLD_CHARACTER_SET_CLIENT=@@CHARACTER_SET_CLIENT */;
/*!40101 SET NAMES utf8 */;
/*!50503 SET NAMES utf8mb4 */;
/*!40103 SET @OLD_TIME_ZONE=@@TIME_ZONE */;
/*!40103 SET TIME_ZONE='+00:00' */;
/*!40014 SET @OLD_FOREIGN_KEY_CHECKS=@@FOREIGN_KEY_CHECKS, FOREIGN_KEY_CHECKS=0 */;
/*!40101 SET @OLD_SQL_MODE=@@SQL_MODE, SQL_MODE='NO_AUTO_VALUE_ON_ZERO' */;
/*!40111 SET @OLD_SQL_NOTES=@@SQL_NOTES, SQL_NOTES=0 */;


-- muscle 데이터베이스 구조 내보내기
CREATE DATABASE IF NOT EXISTS `muscle` /*!40100 DEFAULT CHARACTER SET utf8mb4 COLLATE utf8mb4_0900_ai_ci */ /*!80016 DEFAULT ENCRYPTION='N' */;
USE `muscle`;

-- 테이블 muscle.attach_part 구조 내보내기
CREATE TABLE IF NOT EXISTS `attach_part` (
  `attach_part_key` int NOT NULL AUTO_INCREMENT,
  `attach_direction` char(1) DEFAULT NULL,
  `muscle_category` char(1) DEFAULT NULL,
  `exec_key` tinyint DEFAULT NULL,
  `part_key` int DEFAULT NULL,
  PRIMARY KEY (`attach_part_key`),
  KEY `FK7cpufom8xrrbh2j0ny948cft8` (`exec_key`),
  KEY `FK9094j5tag1xevp7gibclmcy4i` (`part_key`),
  CONSTRAINT `FK7cpufom8xrrbh2j0ny948cft8` FOREIGN KEY (`exec_key`) REFERENCES `exercise` (`exec_key`),
  CONSTRAINT `FK9094j5tag1xevp7gibclmcy4i` FOREIGN KEY (`part_key`) REFERENCES `muscle_part` (`part_key`)
) ENGINE=InnoDB AUTO_INCREMENT=109 DEFAULT CHARSET=utf8mb4 COLLATE=utf8mb4_0900_ai_ci;

-- 테이블 데이터 muscle.attach_part:~108 rows (대략적) 내보내기
DELETE FROM `attach_part`;
INSERT INTO `attach_part` (`attach_part_key`, `attach_direction`, `muscle_category`, `exec_key`, `part_key`) VALUES
	(1, 'L', 'M', 1, 1),
	(2, 'R', 'M', 1, 1),
	(3, 'L', 'S', 1, 6),
	(4, 'R', 'S', 1, 6),
	(5, 'L', 'M', 2, 1),
	(6, 'R', 'M', 2, 1),
	(7, 'L', 'S', 2, 6),
	(8, 'R', 'S', 2, 6),
	(9, 'L', 'M', 3, 1),
	(10, 'R', 'M', 3, 1),
	(11, 'L', 'S', 3, 6),
	(12, 'R', 'S', 3, 6),
	(13, 'L', 'M', 4, 2),
	(14, 'R', 'M', 4, 2),
	(15, 'L', 'S', 4, 5),
	(16, 'R', 'S', 4, 5),
	(17, 'L', 'M', 5, 2),
	(18, 'R', 'M', 5, 2),
	(19, 'L', 'S', 5, 5),
	(20, 'R', 'S', 5, 5),
	(21, 'L', 'M', 6, 2),
	(22, 'R', 'M', 6, 2),
	(23, 'L', 'S', 6, 5),
	(24, 'R', 'S', 6, 5),
	(25, 'L', 'M', 7, 3),
	(26, 'R', 'M', 7, 3),
	(27, 'L', 'S', 7, 8),
	(28, 'R', 'S', 7, 8),
	(29, 'L', 'M', 8, 3),
	(30, 'R', 'M', 8, 3),
	(31, 'L', 'S', 8, 8),
	(32, 'R', 'S', 8, 8),
	(33, 'L', 'M', 9, 3),
	(34, 'R', 'M', 9, 3),
	(35, 'L', 'S', 9, 8),
	(36, 'R', 'S', 9, 8),
	(37, 'L', 'M', 10, 4),
	(38, 'R', 'M', 10, 4),
	(39, 'L', 'S', 10, 6),
	(40, 'R', 'S', 10, 6),
	(41, 'L', 'M', 11, 4),
	(42, 'R', 'M', 11, 4),
	(43, 'L', 'S', 11, 6),
	(44, 'R', 'S', 11, 6),
	(45, 'L', 'M', 12, 4),
	(46, 'R', 'M', 12, 4),
	(47, 'L', 'S', 12, 6),
	(48, 'R', 'S', 12, 6),
	(49, 'L', 'M', 13, 5),
	(50, 'R', 'M', 13, 5),
	(51, 'L', 'S', 13, 5),
	(52, 'R', 'S', 13, 5),
	(53, 'L', 'M', 14, 5),
	(54, 'R', 'M', 14, 5),
	(55, 'L', 'S', 14, 5),
	(56, 'R', 'S', 14, 5),
	(57, 'L', 'M', 15, 5),
	(58, 'R', 'M', 15, 5),
	(61, 'L', 'M', 16, 6),
	(62, 'R', 'M', 16, 6),
	(63, 'L', 'S', 16, 6),
	(64, 'R', 'S', 16, 6),
	(65, 'L', 'M', 17, 6),
	(66, 'R', 'M', 17, 6),
	(67, 'L', 'S', 17, 6),
	(68, 'R', 'S', 17, 6),
	(69, 'L', 'M', 18, 6),
	(70, 'R', 'M', 18, 6),
	(71, 'L', 'S', 18, 1),
	(72, 'R', 'S', 18, 1),
	(73, 'L', 'M', 19, 7),
	(74, 'R', 'M', 19, 7),
	(75, 'L', 'S', 19, 7),
	(76, 'R', 'S', 19, 7),
	(77, 'L', 'M', 20, 7),
	(78, 'R', 'M', 20, 7),
	(79, 'L', 'S', 20, 7),
	(80, 'R', 'S', 20, 7),
	(81, 'L', 'M', 21, 7),
	(82, 'R', 'M', 21, 7),
	(83, 'L', 'S', 21, 7),
	(84, 'R', 'S', 21, 7),
	(85, 'L', 'M', 22, 8),
	(86, 'R', 'M', 22, 8),
	(87, 'L', 'S', 22, 8),
	(88, 'R', 'S', 22, 8),
	(89, 'L', 'M', 23, 8),
	(90, 'R', 'M', 23, 8),
	(91, 'L', 'S', 23, 8),
	(92, 'R', 'S', 23, 8),
	(93, 'L', 'M', 24, 8),
	(94, 'R', 'M', 24, 8),
	(95, 'L', 'S', 24, 8),
	(96, 'R', 'S', 24, 8),
	(97, 'L', 'M', 25, 9),
	(98, 'R', 'M', 25, 9),
	(99, 'L', 'S', 25, 9),
	(100, 'R', 'S', 25, 9),
	(101, 'L', 'M', 26, 9),
	(102, 'R', 'M', 26, 9),
	(103, 'L', 'S', 26, 3),
	(104, 'R', 'S', 26, 3),
	(105, 'L', 'M', 27, 9),
	(106, 'R', 'M', 27, 9),
	(107, 'L', 'S', 27, 9),
	(108, 'R', 'S', 27, 9);

-- 테이블 muscle.exercise 구조 내보내기
CREATE TABLE IF NOT EXISTS `exercise` (
  `exec_key` tinyint NOT NULL,
  `image_path` varchar(255) DEFAULT NULL,
  `name` varchar(255) DEFAULT NULL,
  `part_key` int DEFAULT NULL,
  `eng_name` varchar(255) DEFAULT NULL,
  PRIMARY KEY (`exec_key`),
  KEY `FKje5ns7trr3tkg7emfc3p3lxn0` (`part_key`),
  CONSTRAINT `FKje5ns7trr3tkg7emfc3p3lxn0` FOREIGN KEY (`part_key`) REFERENCES `muscle_part` (`part_key`)
) ENGINE=InnoDB DEFAULT CHARSET=utf8mb4 COLLATE=utf8mb4_0900_ai_ci;

-- 테이블 데이터 muscle.exercise:~27 rows (대략적) 내보내기
DELETE FROM `exercise`;
INSERT INTO `exercise` (`exec_key`, `image_path`, `name`, `part_key`, `eng_name`) VALUES
	(1, 'barbell_bench_press', '바벨 벤치 프레스', 1, 'Barbell Bench Press'),
	(2, 'dumbbell_bench_press', '덤벨 벤치 프레스', 1, 'Dumbbell Bench Press'),
	(3, 'chest_dips', '딥스', 1, 'Chest Dips'),
	(4, 'cable_pulldown', '랫 풀 다운', 2, 'Cable Pulldown'),
	(5, 'pull_up', '풀업', 2, 'Pull up'),
	(6, 'cable_seated_row', '케이블 시티드 로우', 2, 'Cable Seated Row'),
	(7, 'lever_leg_extension', '레그 익스텐션', 3, 'Lever Leg Extension'),
	(8, 'leg_press', '레그 프레스', 3, 'Leg Press'),
	(9, 'squat', '스쿼트', 3, 'Squat'),
	(10, 'smith_seated_shoulder_press', '스미스 머신 오버헤드 숄더 프레스', 4, 'Smith Seated Shoulder Press'),
	(11, 'dumbbell_front_raise', '덤벨 프론트 레이즈', 4, 'Dumbbell Front Raise'),
	(12, 'dumbbell_lateral_raise', '덤벨 레터럴 레이즈', 4, 'Dumbbell Lateral Raise'),
	(13, 'smith_seated_shoulder_press', '머신 프리처 컬', 5, 'Lever Preacher Curl'),
	(14, 'dumbbell_biceps_curl', '덤벨 바이셉 컬', 5, 'Dumbbell Biceps Curl'),
	(15, 'barbell_drag_curl', '바벨 컬', 5, 'Barbell Drag Curl'),
	(16, 'dumbbell_seated_triceps_extension', '덤벨 트라이셉 익스텐션', 6, 'Dumbbell Seated Triceps Extension'),
	(17, 'cable_triceps_pushdown', '케이블 트라이셉 푸쉬다운', 6, 'Cable Triceps Pushdown'),
	(18, 'barbell_close_grip_bench_press', '바벨 클로스 그립 벤치 프레스', 6, 'Barbell Close Grip Bench Press'),
	(19, 'dumbbell_shrug', '덤벨 슈러그', 7, 'Dumbbell Shrug'),
	(20, 'barbell_shrug', '바벨 슈러그', 7, 'Barbell Shrug'),
	(21, 'lever_shrug', '플레이트 슈러그', 7, 'Lever Shrug'),
	(22, 'smith_calf_raise', '스미스 머신 카프레이즈', 8, 'Smith Calf Raise'),
	(23, 'lever_standing_calf_raise', '스탠딩 카프레이즈', 8, 'Lever Standing Calf Raise'),
	(24, 'dumbbell_standing_calf_raise', '스탠딩 덤벨 카프레이즈', 8, 'Dumbbell Standing Calf Raise'),
	(25, 'sit_ups', '윗몸 일으키기', 9, 'Sit-ups'),
	(26, 'vertical_leg_raise', '캡틴스 체어 니 레이즈', 9, 'Vertical Leg Raise'),
	(27, 'twisting_crunch', '크런치', 9, 'Twisting Crunch');

-- 테이블 muscle.hibernate_sequence 구조 내보내기
CREATE TABLE IF NOT EXISTS `hibernate_sequence` (
  `next_val` bigint DEFAULT NULL
) ENGINE=InnoDB DEFAULT CHARSET=utf8mb4 COLLATE=utf8mb4_0900_ai_ci;

-- 테이블 데이터 muscle.hibernate_sequence:~0 rows (대략적) 내보내기
DELETE FROM `hibernate_sequence`;
INSERT INTO `hibernate_sequence` (`next_val`) VALUES
	(678);

-- 테이블 muscle.muscle_act_in_set_log 구조 내보내기
CREATE TABLE IF NOT EXISTS `muscle_act_in_set_log` (
  `set_act_key` bigint NOT NULL,
  `muscle_activity` float DEFAULT NULL,
  `sensor_number` tinyint DEFAULT NULL,
  `part_key` int DEFAULT NULL,
  `set_report_key` bigint DEFAULT NULL,
  `muscle_fatigue` double DEFAULT NULL,
  PRIMARY KEY (`set_act_key`),
  KEY `FK1v9ynei7lf0w6kpc40gwgssye` (`part_key`),
  KEY `FKd9a9253b6xqdj290wx0635edd` (`set_report_key`),
  CONSTRAINT `FK1v9ynei7lf0w6kpc40gwgssye` FOREIGN KEY (`part_key`) REFERENCES `muscle_part` (`part_key`),
  CONSTRAINT `FKd9a9253b6xqdj290wx0635edd` FOREIGN KEY (`set_report_key`) REFERENCES `set_report` (`set_report_key`)
) ENGINE=InnoDB DEFAULT CHARSET=utf8mb4 COLLATE=utf8mb4_0900_ai_ci;

-- 테이블 데이터 muscle.muscle_act_in_set_log:~7 rows (대략적) 내보내기
DELETE FROM `muscle_act_in_set_log`;
INSERT INTO `muscle_act_in_set_log` (`set_act_key`, `muscle_activity`, `sensor_number`, `part_key`, `set_report_key`, `muscle_fatigue`) VALUES
	(615, 13.5, 1, 1, 614, 12.7),
	(617, 13.5, 1, 1, 616, 12.7),
	(618, 11.7, 2, 1, 616, 9.4),
	(633, 13.5, 1, 1, 632, 12.7),
	(634, 13.5, 2, 1, 632, 12.7),
	(636, 13.5, 1, 1, 635, 12.7),
	(637, 13.5, 2, 1, 635, 12.7);

-- 테이블 muscle.muscle_part 구조 내보내기
CREATE TABLE IF NOT EXISTS `muscle_part` (
  `part_key` int NOT NULL,
  `image_path` varchar(255) DEFAULT NULL,
  `part_name` varchar(255) DEFAULT NULL,
  PRIMARY KEY (`part_key`)
) ENGINE=InnoDB DEFAULT CHARSET=utf8mb4 COLLATE=utf8mb4_0900_ai_ci;

-- 테이블 데이터 muscle.muscle_part:~9 rows (대략적) 내보내기
DELETE FROM `muscle_part`;
INSERT INTO `muscle_part` (`part_key`, `image_path`, `part_name`) VALUES
	(1, 'y_chest', '가슴'),
	(2, 'y_back', '등'),
	(3, 'y_hips', '허벅지'),
	(4, 'y_shoulders', '어깨'),
	(5, 'y_biceps', '이두'),
	(6, 'y_triceps', '삼두'),
	(7, 'y_trapezius', '승모근'),
	(8, 'y_calves', '종아리'),
	(9, 'y_abs', '복근');

-- 테이블 muscle.routine_report 구조 내보내기
CREATE TABLE IF NOT EXISTS `routine_report` (
  `log_key` bigint NOT NULL,
  `end_time` datetime(6) DEFAULT NULL,
  `is_attached` char(1) DEFAULT NULL,
  `routine_name` varchar(255) DEFAULT NULL,
  `start_time` datetime(6) DEFAULT NULL,
  `user_key` int DEFAULT NULL,
  PRIMARY KEY (`log_key`),
  KEY `FKcdslw3chuosxwhxv4i3o7gf6t` (`user_key`),
  CONSTRAINT `FKcdslw3chuosxwhxv4i3o7gf6t` FOREIGN KEY (`user_key`) REFERENCES `user` (`user_key`)
) ENGINE=InnoDB DEFAULT CHARSET=utf8mb4 COLLATE=utf8mb4_0900_ai_ci;

-- 테이블 데이터 muscle.routine_report:~68 rows (대략적) 내보내기
DELETE FROM `routine_report`;
INSERT INTO `routine_report` (`log_key`, `end_time`, `is_attached`, `routine_name`, `start_time`, `user_key`) VALUES
	(1, '2023-11-09 10:35:29.000000', 'N', '등근육 조지기', '2023-11-09 09:17:43.000000', 1),
	(46, NULL, 'Y', '등근육 조지기', '2023-11-10 16:07:08.462926', 1),
	(47, NULL, 'Y', '등근육 조지기', '2023-11-10 16:10:19.308566', 1),
	(48, '2023-11-10 16:15:29.209090', 'Y', '등근육 조지기', '2023-11-10 16:14:57.476297', 1),
	(53, '2023-11-10 16:18:03.686148', 'Y', '등근육 조지기', '2023-11-10 16:16:48.854825', 1),
	(54, '2023-11-10 16:18:00.313881', 'Y', 'mogun1234', '2023-11-10 16:17:33.545967', 1),
	(55, NULL, 'Y', '등근육 조지기', '2023-11-10 16:18:50.613097', 1),
	(56, NULL, 'Y', 'leeminkyu', '2023-11-10 16:21:47.731471', 31),
	(65, NULL, 'Y', 'leeminkyu', '2023-11-12 16:02:30.075584', 31),
	(157, NULL, 'Y', 'leeminkyu', '2023-11-12 23:37:59.685577', 31),
	(423, NULL, 'Y', 'leeminkyu', '2023-11-13 11:56:06.632798', 31),
	(493, '2023-11-14 04:17:41.338708', 'Y', 'leeminkyu', '2023-11-14 03:52:15.327311', 31),
	(494, NULL, 'Y', '추천 루틴', '2023-11-14 04:48:20.534729', 1),
	(495, NULL, 'Y', '추천 루틴', '2023-11-14 09:26:29.266518', 1),
	(530, NULL, 'Y', '추천 루틴', '2023-11-14 10:12:58.308161', 1),
	(531, NULL, 'Y', '추천 루틴', '2023-11-14 10:14:32.556038', 1),
	(532, '2023-11-14 10:52:20.539905', 'Y', '추천 루틴', '2023-11-14 10:18:25.476249', 1),
	(537, '2023-11-14 10:55:00.626338', 'Y', '상체 조지기', '2023-11-14 10:54:57.965266', 1),
	(538, '2023-11-14 10:57:04.777174', 'Y', '상체 조지기', '2023-11-14 10:56:53.967328', 1),
	(539, '2023-11-14 11:00:24.094720', 'Y', '상체 조지기', '2023-11-14 11:00:22.000249', 1),
	(540, NULL, 'Y', '추천 루틴', '2023-11-14 11:10:03.465315', 1),
	(541, NULL, 'Y', '추천 루틴', '2023-11-14 11:11:12.495599', 1),
	(542, '2023-11-14 11:14:07.541370', 'Y', '추천 루틴', '2023-11-14 11:13:59.144410', 1),
	(543, '2023-11-14 11:19:03.947160', 'Y', '추천 루틴', '2023-11-14 11:18:56.273323', 1),
	(544, '2023-11-14 11:19:59.217256', 'Y', '추천 루틴', '2023-11-14 11:19:56.926950', 1),
	(545, '2023-11-14 11:20:36.443951', 'Y', '추천 루틴', '2023-11-14 11:20:34.248889', 1),
	(546, '2023-11-14 11:23:00.177743', 'Y', '상체 조지기', '2023-11-14 11:22:57.606192', 1),
	(547, '2023-11-14 11:23:49.964115', 'Y', '상체 조지기', '2023-11-14 11:23:47.698572', 1),
	(599, '2023-11-14 13:07:27.036099', 'Y', '추천 루틴', '2023-11-14 12:17:43.432588', 1),
	(600, '2023-11-14 13:08:10.271819', 'Y', '상체 조지기', '2023-11-14 13:07:49.307531', 1),
	(602, NULL, 'Y', '추천 루틴', '2023-11-14 13:20:54.212159', 1),
	(613, NULL, 'Y', '상체 조지기', '2023-11-14 13:34:11.225006', 1),
	(620, NULL, 'Y', '상체 조지기', '2023-11-14 13:55:41.620319', 1),
	(621, NULL, 'Y', '상체 조지기', '2023-11-14 13:58:13.344311', 1),
	(622, NULL, 'Y', '상체 조지기', '2023-11-14 14:00:23.227611', 1),
	(623, NULL, 'Y', '상체 조지기', '2023-11-14 14:01:33.873376', 1),
	(624, NULL, 'Y', '상체 조지기', '2023-11-14 14:03:39.444308', 1),
	(625, NULL, 'Y', '상체 조지기', '2023-11-14 14:05:49.140876', 1),
	(626, NULL, 'Y', '상체 조지기', '2023-11-14 14:18:12.241385', 1),
	(627, NULL, 'Y', 'leeminkyu', '2023-11-14 14:21:43.593814', 31),
	(628, NULL, 'Y', '상체 조지기', '2023-11-14 14:27:51.777436', 1),
	(629, NULL, 'Y', '상체 조지기', '2023-11-14 14:36:04.123369', 1),
	(630, NULL, 'Y', '상체 조지기', '2023-11-14 14:38:00.248168', 1),
	(631, NULL, 'Y', '추천 루틴', '2023-11-14 14:44:52.698964', 1),
	(638, NULL, 'Y', '상체 조지기', '2023-11-14 15:12:20.498203', 1),
	(639, NULL, 'Y', '상체 조지기', '2023-11-14 15:14:07.225489', 1),
	(640, NULL, 'Y', '상체 조지기', '2023-11-14 15:19:36.453475', 1),
	(641, NULL, 'Y', '상체 조지기', '2023-11-14 15:22:28.328120', 1),
	(642, NULL, 'Y', '상체 조지기', '2023-11-14 15:28:43.238622', 1),
	(643, NULL, 'Y', '상체 조지기', '2023-11-14 15:33:26.635422', 1),
	(644, NULL, 'Y', '상체 조지기', '2023-11-14 16:02:23.446247', 1),
	(645, NULL, 'Y', '상체 조지기', '2023-11-14 16:02:42.740209', 1),
	(646, NULL, 'Y', '상체 조지기', '2023-11-14 16:03:28.553645', 1),
	(647, NULL, 'Y', '상체 조지기', '2023-11-14 16:05:45.720008', 1),
	(648, NULL, 'Y', '추천 루틴', '2023-11-14 16:09:09.168863', 1),
	(649, NULL, 'Y', '추천 루틴', '2023-11-14 16:16:12.063461', 1),
	(650, NULL, 'Y', '상체 조지기', '2023-11-14 16:20:36.363870', 1),
	(651, NULL, 'Y', '추천 루틴', '2023-11-14 16:22:45.236648', 1),
	(652, NULL, 'Y', '상체 조지기', '2023-11-14 16:24:17.813176', 1),
	(653, NULL, 'Y', '추천 루틴', '2023-11-14 16:45:44.660932', 1),
	(654, '2023-11-14 17:25:05.569110', 'Y', '추천 루틴', '2023-11-14 16:54:58.581698', 1),
	(655, NULL, 'Y', '추천 루틴', '2023-11-14 20:53:34.282362', 1),
	(656, NULL, 'Y', '이이잉', '2023-11-14 20:56:24.755523', 1),
	(657, NULL, 'Y', '이이잉', '2023-11-14 20:58:44.154382', 1),
	(658, NULL, 'Y', '이이잉', '2023-11-14 21:00:54.305004', 1),
	(659, NULL, 'Y', '이이잉', '2023-11-14 21:01:36.236823', 1),
	(660, NULL, 'Y', '이이잉', '2023-11-14 21:09:13.219980', 1),
	(661, NULL, 'Y', '이이잉', '2023-11-14 21:09:57.410718', 1),
	(662, NULL, 'Y', 'fasdf', '2023-11-15 09:39:13.310746', 1),
	(677, '2023-11-15 10:32:28.454496', 'Y', '추천 루틴', '2023-11-15 10:11:14.766185', 1);

-- 테이블 muscle.routine_result 구조 내보내기
CREATE TABLE IF NOT EXISTS `routine_result` (
  `result_key` int NOT NULL,
  `consume_calorie` int DEFAULT NULL,
  `routine_date` date DEFAULT NULL,
  `routine_report_key` bigint DEFAULT NULL,
  `user_key` int DEFAULT NULL,
  PRIMARY KEY (`result_key`),
  KEY `FK37xomba06ht0jwx9wmxovqp8` (`routine_report_key`),
  KEY `FK2gtpay3r88vhvl8ud83a2ku2r` (`user_key`),
  CONSTRAINT `FK2gtpay3r88vhvl8ud83a2ku2r` FOREIGN KEY (`user_key`) REFERENCES `user` (`user_key`),
  CONSTRAINT `FK37xomba06ht0jwx9wmxovqp8` FOREIGN KEY (`routine_report_key`) REFERENCES `routine_report` (`log_key`)
) ENGINE=InnoDB DEFAULT CHARSET=utf8mb4 COLLATE=utf8mb4_0900_ai_ci;

-- 테이블 데이터 muscle.routine_result:~3 rows (대략적) 내보내기
DELETE FROM `routine_result`;
INSERT INTO `routine_result` (`result_key`, `consume_calorie`, `routine_date`, `routine_report_key`, `user_key`) VALUES
	(1, 23, '2023-11-09', 1, 1),
	(2, 140, '2023-11-10', 640, 8),
	(3, 55, '2023-11-10', 48, 1);

-- 테이블 muscle.set_detail 구조 내보내기
CREATE TABLE IF NOT EXISTS `set_detail` (
  `set_key` int NOT NULL AUTO_INCREMENT,
  `set_number` int DEFAULT NULL,
  `target_repeat` int DEFAULT NULL,
  `weight` int DEFAULT NULL,
  `routine_plan_key` int DEFAULT NULL,
  PRIMARY KEY (`set_key`),
  KEY `FKqevolkvjkkn5akaqjq6pn1jtg` (`routine_plan_key`),
  CONSTRAINT `FKqevolkvjkkn5akaqjq6pn1jtg` FOREIGN KEY (`routine_plan_key`) REFERENCES `user_routine_plan` (`routine_plan_key`)
) ENGINE=InnoDB AUTO_INCREMENT=27 DEFAULT CHARSET=utf8mb4 COLLATE=utf8mb4_0900_ai_ci;

-- 테이블 데이터 muscle.set_detail:~18 rows (대략적) 내보내기
DELETE FROM `set_detail`;
INSERT INTO `set_detail` (`set_key`, `set_number`, `target_repeat`, `weight`, `routine_plan_key`) VALUES
	(6, 1, 10, 55, 49),
	(7, 2, 8, 60, 49),
	(8, 3, 6, 65, 49),
	(9, 1, 10, 55, 49),
	(10, 2, 8, 60, 49),
	(11, 3, 6, 70, 49),
	(12, 1, 10, 55, 49),
	(13, 2, 8, 60, 49),
	(14, 3, 6, 70, 49),
	(15, 1, 10, 55, 49),
	(16, 2, 8, 60, 49),
	(17, 3, 6, 70, 49),
	(18, 1, 10, 55, 4),
	(19, 2, 8, 60, 4),
	(20, 3, 6, 70, 4),
	(24, 1, 10, 55, 49),
	(25, 2, 8, 60, 49),
	(26, 3, 6, 70, 49);

-- 테이블 muscle.set_report 구조 내보내기
CREATE TABLE IF NOT EXISTS `set_report` (
  `set_report_key` bigint NOT NULL,
  `end_time` datetime(6) DEFAULT NULL,
  `muscle_fatigue` float DEFAULT NULL,
  `set_number` int DEFAULT NULL,
  `start_time` datetime(6) DEFAULT NULL,
  `success_rep` int DEFAULT NULL,
  `target_rep` int DEFAULT NULL,
  `train_weight` float DEFAULT NULL,
  `exec_key` tinyint DEFAULT NULL,
  `routine_report_key` bigint DEFAULT NULL,
  `user_key` int DEFAULT NULL,
  `muscle_avg` float DEFAULT NULL,
  PRIMARY KEY (`set_report_key`),
  KEY `FKdhv6pxj7b0m8pdgiocwy14u29` (`exec_key`),
  KEY `FK1a52k2s9swgsjrpfujjbla9rg` (`routine_report_key`),
  KEY `FKeili5vje3b9fxp0mgy7tqgjqe` (`user_key`),
  CONSTRAINT `FK1a52k2s9swgsjrpfujjbla9rg` FOREIGN KEY (`routine_report_key`) REFERENCES `routine_report` (`log_key`),
  CONSTRAINT `FKdhv6pxj7b0m8pdgiocwy14u29` FOREIGN KEY (`exec_key`) REFERENCES `exercise` (`exec_key`),
  CONSTRAINT `FKeili5vje3b9fxp0mgy7tqgjqe` FOREIGN KEY (`user_key`) REFERENCES `user` (`user_key`)
) ENGINE=InnoDB DEFAULT CHARSET=utf8mb4 COLLATE=utf8mb4_0900_ai_ci;

-- 테이블 데이터 muscle.set_report:~22 rows (대략적) 내보내기
DELETE FROM `set_report`;
INSERT INTO `set_report` (`set_report_key`, `end_time`, `muscle_fatigue`, `set_number`, `start_time`, `success_rep`, `target_rep`, `train_weight`, `exec_key`, `routine_report_key`, `user_key`, `muscle_avg`) VALUES
	(1, '2023-11-09 10:38:36.000000', 10, 1, '2023-11-09 10:36:50.000000', 10, 20, 30, 6, 1, 1, 10),
	(2, '2023-11-09 10:38:39.000000', 10, 1, '2023-11-09 10:37:52.000000', 12, 20, 30, 4, 1, 1, 10),
	(3, '2023-11-09 10:38:40.000000', 10, 1, '2023-11-09 10:38:58.000000', 5, 20, 30, 15, 1, 1, 10),
	(4, '2023-11-09 10:38:41.000000', 10, 2, '2023-11-09 10:39:01.000000', 8, 20, 30, 6, 1, 1, 10),
	(5, '2023-11-09 10:38:41.000000', 10, 2, '2023-11-09 10:40:03.000000', 14, 20, 30, 4, 1, 1, 10),
	(6, '2023-11-09 10:38:42.000000', 10, 1, '2023-11-09 10:41:05.000000', 10, 20, 30, 15, 1, 1, 10),
	(66, '2023-10-20 20:04:51.000000', 12.6, 1, '2023-10-20 20:03:42.000000', 8, 10, 35, 6, 55, 1, 0),
	(533, '2023-10-20 20:04:51.000000', 12.6, 1, '2023-10-20 20:03:42.000000', 8, 10, 35, 1, 423, 31, 0),
	(548, '2023-10-20 20:04:51.000000', 12.6, 1, '2023-10-20 20:03:42.000000', 8, 10, 35, 1, 423, 31, 0),
	(601, '2023-10-20 20:04:51.000000', 0, 1, '2023-10-20 20:03:42.000000', 8, 10, 35, 1, 46, 1, 0),
	(603, '2023-10-20 20:04:51.000000', 0, 1, '2023-10-20 20:03:42.000000', 8, 10, 35, 1, 46, 1, 0),
	(604, '2023-10-20 20:04:51.000000', 0, 1, '2023-10-20 20:03:42.000000', 8, 10, 35, 1, 46, 1, 0),
	(605, '2023-10-20 20:04:51.000000', 0, 1, '2023-10-20 20:03:42.000000', 8, 10, 35, 1, 46, 1, 0),
	(606, '2023-10-20 20:04:51.000000', 0, 1, '2023-10-20 20:03:42.000000', 8, 10, 35, 1, 46, 1, 0),
	(607, '2023-10-20 20:04:51.000000', 0, 1, '2023-10-20 20:03:42.000000', 8, 10, 35, 1, 46, 1, 0),
	(608, '2023-10-20 20:04:51.000000', 0, 1, '2023-10-20 20:03:42.000000', 8, 10, 35, 1, 46, 1, 0),
	(609, '2023-10-20 20:04:51.000000', 0, 1, '2023-10-20 20:03:42.000000', 8, 10, 35, 1, 46, 1, 0),
	(610, '2023-10-20 20:04:51.000000', 0, 1, '2023-10-20 20:03:42.000000', 8, 10, 35, 1, 46, 1, 0),
	(614, '2023-10-20 20:04:51.000000', NULL, 1, '2023-10-20 20:03:42.000000', 8, 10, 35, 1, 46, 1, NULL),
	(616, '2023-10-20 20:04:51.000000', NULL, 1, '2023-10-20 20:03:42.000000', 8, 10, 35, 1, 1, 1, NULL),
	(632, '2023-10-20 20:04:51.000000', NULL, 1, '2023-10-20 20:03:42.000000', 8, 10, 35, 1, 423, 31, NULL),
	(635, '2023-10-20 20:04:51.000000', NULL, 1, '2023-10-20 20:03:42.000000', 8, 10, 35, 1, 423, 31, NULL);

-- 테이블 muscle.used_muscle_part 구조 내보내기
CREATE TABLE IF NOT EXISTS `used_muscle_part` (
  `result_key` int NOT NULL,
  `part_key` int DEFAULT NULL,
  PRIMARY KEY (`result_key`),
  KEY `FK2i6on0eter7vuia5aji37ibvc` (`part_key`),
  CONSTRAINT `FK2i6on0eter7vuia5aji37ibvc` FOREIGN KEY (`part_key`) REFERENCES `muscle_part` (`part_key`),
  CONSTRAINT `FKk8yro2bkamhp80sgfsibumpar` FOREIGN KEY (`result_key`) REFERENCES `routine_result` (`result_key`)
) ENGINE=InnoDB DEFAULT CHARSET=utf8mb4 COLLATE=utf8mb4_0900_ai_ci;

-- 테이블 데이터 muscle.used_muscle_part:~0 rows (대략적) 내보내기
DELETE FROM `used_muscle_part`;

-- 테이블 muscle.user 구조 내보내기
CREATE TABLE IF NOT EXISTS `user` (
  `user_key` int NOT NULL AUTO_INCREMENT,
  `email` varchar(255) DEFAULT NULL,
  `gender` char(1) DEFAULT NULL,
  `is_leaved` char(1) DEFAULT NULL,
  `join_time` datetime(6) DEFAULT NULL,
  `name` varchar(255) DEFAULT NULL,
  `password` varchar(255) DEFAULT NULL,
  PRIMARY KEY (`user_key`),
  UNIQUE KEY `UK_ob8kqyqqgmefl0aco34akdtpe` (`email`)
) ENGINE=InnoDB AUTO_INCREMENT=44 DEFAULT CHARSET=utf8mb4 COLLATE=utf8mb4_0900_ai_ci;

-- 테이블 데이터 muscle.user:~42 rows (대략적) 내보내기
DELETE FROM `user`;
INSERT INTO `user` (`user_key`, `email`, `gender`, `is_leaved`, `join_time`, `name`, `password`) VALUES
	(1, '', 'm', 'J', '2023-10-24 05:43:45.825706', 'BackMan', ''),
	(2, 'mogeun@ssafy.com', 'm', 'J', '2023-10-30 10:31:38.000000', '머근이', 'mogeun1234'),
	(3, 'mogun12@ssafy.com', 'm', 'J', '2023-11-02 05:29:30.173847', '모근이', 'mogun1234'),
	(4, 'asdfasdf@khdas.com', 'm', 'J', '2023-11-02 05:47:11.109516', 'asdfasdf', 'adwfsfads'),
	(5, 'dsafasfd@sdf.com', 'm', 'J', '2023-11-02 05:47:42.636890', 'asdfasfd', 'sdafasdf'),
	(6, 'adsfas@ds.com', 'm', 'J', '2023-11-02 05:49:44.560258', 'asfdasd', 'sadfasfd'),
	(7, 'qwer', 'm', 'J', '2023-11-02 05:53:55.602978', 'qwer', 'qwer'),
	(8, 'eee', 'm', 'J', '2023-11-02 06:02:28.608884', 'eee', 'eee'),
	(9, 'a', 'f', 'J', '2023-11-02 06:19:07.652607', 'a', 'a'),
	(10, 'dfsaasdfsdfdsds', 'm', 'J', '2023-11-02 06:59:08.277212', 'afsdafsd', 'a'),
	(11, 'dd', 'm', 'J', '2023-11-02 07:36:20.173378', 'ddff', 'dd'),
	(12, 'qq', 'm', 'J', '2023-11-07 01:55:12.487624', 'asdfasdf', 'qq'),
	(13, 'aa', 'm', 'J', '2023-11-07 03:14:36.281844', 'aa', 'aa'),
	(14, 'asfdafsd', 'm', 'J', '2023-11-07 07:36:38.885115', 'dd', 'dd'),
	(15, 'qqq', 'm', 'J', '2023-11-07 07:42:49.052048', 'qqq', 'qqq'),
	(16, 'ddd', 'm', 'J', '2023-11-07 07:49:18.013152', 'ddd', 'ddd'),
	(17, 'q', 'm', 'E', '2023-11-08 01:49:47.538068', 'q', 'q'),
	(18, 'mogun@ssafy.com', 'm', 'J', '2023-11-08 08:23:25.288753', '모근이', 'mogun1234'),
	(19, 'qqqq', 'm', 'E', '2023-11-08 08:50:26.648989', 'qqqq', 'qqqq'),
	(20, 'ww', 'm', 'E', '2023-11-09 04:24:56.427073', 'ww', 'ww'),
	(21, 'ee', 'm', 'E', '2023-11-09 04:32:11.843819', 'ee', 'ee'),
	(22, 'rr', 'm', 'E', '2023-11-09 04:38:44.937775', 'rr', 'rr'),
	(23, 'tt', 'm', 'E', '2023-11-09 04:40:55.512524', 'tt', 'tt'),
	(24, 'yy', 'm', 'E', '2023-11-09 04:46:04.435706', 'yy', 'yy'),
	(25, 'uu', 'm', 'E', '2023-11-09 04:53:59.959639', 'uu', 'uu'),
	(26, 'ge', 'm', 'J', '2023-11-09 06:12:49.539288', 'ge', 'ge'),
	(27, 'z', 'm', 'J', '2023-11-09 06:22:10.508874', 'z', 'z'),
	(28, 'p', 'm', 'J', '2023-11-10 00:36:45.065192', 'p', 'p'),
	(29, 'u', 'm', 'E', '2023-11-10 00:52:15.984535', 'u', 'u'),
	(30, 'y', 'm', 'E', '2023-11-10 00:55:12.743697', 'y', 'y'),
	(31, 'www', 'm', 'J', '2023-11-10 01:15:39.509493', 'www', 'www'),
	(32, 'dddd', 'm', 'J', '2023-11-10 08:08:55.826624', 'dddd', 'dddd'),
	(33, 'yyy', 'm', 'J', '2023-11-13 01:22:22.958439', 'yyy', 'yyy'),
	(34, 'oooooooooo', 'm', 'J', '2023-11-13 04:57:57.522379', '모근이DDDDDDDDDDDDDDDD', 'oooooooooo'),
	(35, 'dddddddddddd', 'm', 'J', '2023-11-13 06:16:28.133254', 'aa', 'aa'),
	(36, 'iii', 'm', 'J', '2023-11-13 06:18:58.905356', 'iii', 'iii'),
	(37, 'te', 'm', 'J', '2023-11-13 08:24:26.344306', '1', '1'),
	(38, 'asdfasdf', 'm', 'J', '2023-11-14 01:11:27.581308', '123', '123'),
	(39, 'ssafy', 'm', 'J', '2023-11-14 01:43:43.828446', 'Han', 'ssafy01'),
	(40, 'sdfa', 'm', 'J', '2023-11-14 01:51:21.098472', '123', '123'),
	(41, 'm', 'm', 'J', '2023-11-14 02:27:50.943782', 'm', 'm'),
	(42, 'leemingyu', 'm', 'J', '2023-11-14 03:02:55.072108', 'leemingyu', '1'),
	(43, 'qwe', 'm', 'J', '2023-11-15 00:57:22.014241', 'qwe', 'qwe');

-- 테이블 muscle.user_body_fat_log 구조 내보내기
CREATE TABLE IF NOT EXISTS `user_body_fat_log` (
  `log_key` bigint NOT NULL AUTO_INCREMENT,
  `body_fat_after` float DEFAULT NULL,
  `body_fat_before` float DEFAULT NULL,
  `changed_time` datetime(6) DEFAULT NULL,
  `user_key` int DEFAULT NULL,
  PRIMARY KEY (`log_key`),
  KEY `FK3takdtkcew8amgvx3und9wkss` (`user_key`),
  CONSTRAINT `FK3takdtkcew8amgvx3und9wkss` FOREIGN KEY (`user_key`) REFERENCES `user` (`user_key`)
) ENGINE=InnoDB AUTO_INCREMENT=24 DEFAULT CHARSET=utf8mb4 COLLATE=utf8mb4_0900_ai_ci;

-- 테이블 데이터 muscle.user_body_fat_log:~16 rows (대략적) 내보내기
DELETE FROM `user_body_fat_log`;
INSERT INTO `user_body_fat_log` (`log_key`, `body_fat_after`, `body_fat_before`, `changed_time`, `user_key`) VALUES
	(8, 65.4, 123, '2023-11-07 02:26:13.659326', 12),
	(9, 123, 65.4, '2023-11-07 02:26:53.252194', 12),
	(10, 312, 123, '2023-11-07 02:28:36.302398', 12),
	(11, 123, 312, '2023-11-07 02:29:45.667061', 12),
	(12, 90, 10, '2023-11-07 02:53:54.178896', 1),
	(13, 123, 90, '2023-11-07 04:38:27.419431', 1),
	(14, 12, 123, '2023-11-07 07:51:46.222214', 1),
	(15, 312, 12, '2023-11-07 07:54:41.378423', 1),
	(16, 32, 312, '2023-11-07 07:55:41.907389', 1),
	(17, 0, 32, '2023-11-07 08:38:17.201549', 1),
	(18, 12, 0, '2023-11-07 08:39:04.719513', 1),
	(19, 30, 12, '2023-11-07 18:05:04.150303', 1),
	(20, 124, 30, '2023-11-08 09:16:32.451308', 1),
	(21, 65.4, 123, '2023-11-13 14:29:08.603263', 34),
	(22, 42, 124, '2023-11-14 11:33:13.425167', 1),
	(23, 35, 42, '2023-11-14 15:02:15.292924', 1);

-- 테이블 muscle.user_detail 구조 내보내기
CREATE TABLE IF NOT EXISTS `user_detail` (
  `user_key` int NOT NULL,
  `body_fat` float DEFAULT NULL,
  `height` float DEFAULT NULL,
  `muscle_mass` float DEFAULT NULL,
  `weight` float DEFAULT NULL,
  PRIMARY KEY (`user_key`),
  CONSTRAINT `FKbps0y8ohfjgi09jfhb5f6s07p` FOREIGN KEY (`user_key`) REFERENCES `user` (`user_key`)
) ENGINE=InnoDB DEFAULT CHARSET=utf8mb4 COLLATE=utf8mb4_0900_ai_ci;

-- 테이블 데이터 muscle.user_detail:~42 rows (대략적) 내보내기
DELETE FROM `user_detail`;
INSERT INTO `user_detail` (`user_key`, `body_fat`, `height`, `muscle_mass`, `weight`) VALUES
	(1, 35, 42, 40, 120),
	(2, 10, 10, 10, 10),
	(3, 10, 10, 10, 10),
	(4, 10, 10, 10, 10),
	(5, 10, 10, 10, 10),
	(6, 10, 10, 10, 10),
	(7, 10, 10, 10, 10),
	(8, 10, 10, 10, 10),
	(9, 10, 10, 10, 10),
	(10, 10, 10, 10, 10),
	(11, 10, 10, 10, 10),
	(12, 123, 123, 123, 123),
	(13, 0, 0, 0, 0),
	(14, 0, 0, 0, 0),
	(15, 231, 12, 123, 321),
	(16, 123, 123, 321, 123),
	(17, 123, 123, 123, 123),
	(18, 15, 180, 45, 70),
	(19, 0, 1230, 120, 0),
	(20, 0, 0, 0, 0),
	(21, 0, 0, 0, 0),
	(22, 0, 0, 0, 0),
	(23, 0, 0, 0, 0),
	(24, 0, 0, 0, 0),
	(25, 0, 0, 0, 0),
	(26, 0, 0, 0, 0),
	(27, 0, 0, 0, 0),
	(28, 0, 0, 0, 0),
	(29, 0, 0, 0, 0),
	(30, 0, 0, 0, 0),
	(31, 123, 123, 22, 123),
	(32, 123, 123, 123, 123),
	(33, 123, 123, 123, 123),
	(34, 65.4, 177.6, 65.4, 65.4),
	(35, 0, 0, 0, 0),
	(36, 0, 0, 0, 0),
	(37, 42, 170, 45, 65),
	(38, 123, 123, 123, 123),
	(39, 31, 106, 42, 183),
	(40, 0, 0, 0, 0),
	(41, 0, 0, 0, 0),
	(42, 19, 178, 30, 75),
	(43, 123, 123, 122, 123);

-- 테이블 muscle.user_height_log 구조 내보내기
CREATE TABLE IF NOT EXISTS `user_height_log` (
  `log_key` bigint NOT NULL AUTO_INCREMENT,
  `changed_time` datetime(6) DEFAULT NULL,
  `height_after` float DEFAULT NULL,
  `height_before` float DEFAULT NULL,
  `user_key` int DEFAULT NULL,
  PRIMARY KEY (`log_key`),
  KEY `FK85u089vg6srb9l2u4fyher1a2` (`user_key`),
  CONSTRAINT `FK85u089vg6srb9l2u4fyher1a2` FOREIGN KEY (`user_key`) REFERENCES `user` (`user_key`)
) ENGINE=InnoDB AUTO_INCREMENT=45 DEFAULT CHARSET=utf8mb4 COLLATE=utf8mb4_0900_ai_ci;

-- 테이블 데이터 muscle.user_height_log:~34 rows (대략적) 내보내기
DELETE FROM `user_height_log`;
INSERT INTO `user_height_log` (`log_key`, `changed_time`, `height_after`, `height_before`, `user_key`) VALUES
	(11, '2023-11-07 02:26:13.627397', 177.6, 123, 12),
	(12, '2023-11-07 02:26:53.244686', 123, 177.6, 12),
	(13, '2023-11-07 02:28:36.294146', 321, 123, 12),
	(14, '2023-11-07 02:29:45.660382', 123, 321, 12),
	(15, '2023-11-07 02:53:54.160641', 100, 10, 1),
	(16, '2023-11-07 04:38:27.407350', 123, 100, 1),
	(17, '2023-11-07 07:51:46.216849', 124, 123, 1),
	(18, '2023-11-07 07:54:41.373238', 312, 124, 1),
	(19, '2023-11-07 07:55:41.902372', 32, 312, 1),
	(20, '2023-11-07 08:38:17.196379', 24, 32, 1),
	(21, '2023-11-07 08:39:04.715841', 12, 24, 1),
	(22, '2023-11-07 17:48:09.281331', 10, 12, 1),
	(23, '2023-11-07 08:51:25.404854', 12, 10, 1),
	(24, '2023-11-07 17:52:32.936294', 10, 12, 1),
	(25, '2023-11-07 17:53:24.277433', 11, 10, 1),
	(26, '2023-11-07 18:05:04.119675', 68, 11, 1),
	(27, '2023-11-08 09:16:32.444238', 124, 68, 1),
	(28, '2023-11-08 13:52:08.263568', 241, 124, 1),
	(29, '2023-11-08 14:00:08.922563', 124, 241, 1),
	(30, '2023-11-09 09:22:23.417315', 241, 124, 1),
	(31, '2023-11-09 09:37:10.069613', 1230, 0, 19),
	(32, '2023-11-13 14:29:08.573135', 177.6, 123, 34),
	(33, '2023-11-13 14:36:07.259018', 65.4, 177.6, 34),
	(34, '2023-11-13 14:38:30.969923', 177.6, 65.4, 34),
	(35, '2023-11-14 10:46:39.559846', 106, 183, 39),
	(36, '2023-11-14 11:12:48.368660', 124, 241, 1),
	(37, '2023-11-14 11:31:21.971444', 120, 124, 1),
	(38, '2023-11-14 11:33:13.417080', 42, 120, 1),
	(39, '2023-11-14 11:52:02.978190', 421, 42, 1),
	(40, '2023-11-14 11:58:22.852242', 42, 421, 1),
	(41, '2023-11-14 11:58:56.499812', 421, 42, 1),
	(42, '2023-11-14 12:01:45.705422', 42, 421, 1),
	(43, '2023-11-14 15:02:15.281630', 123, 42, 1),
	(44, '2023-11-14 17:26:37.901741', 42, 123, 1);

-- 테이블 muscle.user_muscle_mass_log 구조 내보내기
CREATE TABLE IF NOT EXISTS `user_muscle_mass_log` (
  `log_key` bigint NOT NULL AUTO_INCREMENT,
  `changed_time` datetime(6) DEFAULT NULL,
  `muscle_mass_after` float DEFAULT NULL,
  `muscle_mass_before` float DEFAULT NULL,
  `user_key` int DEFAULT NULL,
  PRIMARY KEY (`log_key`),
  KEY `FKorsr4mnamos7xrhumv7lckv9b` (`user_key`),
  CONSTRAINT `FKorsr4mnamos7xrhumv7lckv9b` FOREIGN KEY (`user_key`) REFERENCES `user` (`user_key`)
) ENGINE=InnoDB AUTO_INCREMENT=30 DEFAULT CHARSET=utf8mb4 COLLATE=utf8mb4_0900_ai_ci;

-- 테이블 데이터 muscle.user_muscle_mass_log:~21 rows (대략적) 내보내기
DELETE FROM `user_muscle_mass_log`;
INSERT INTO `user_muscle_mass_log` (`log_key`, `changed_time`, `muscle_mass_after`, `muscle_mass_before`, `user_key`) VALUES
	(8, '2023-11-07 02:26:13.654342', 65.4, 123, 12),
	(9, '2023-11-07 02:26:53.249683', 123, 65.4, 12),
	(10, '2023-11-07 02:28:36.299864', 321, 123, 12),
	(11, '2023-11-07 02:29:45.665056', 123, 321, 12),
	(12, '2023-11-07 04:38:27.415105', 123, 10, 1),
	(13, '2023-11-07 07:51:46.220488', 12, 123, 1),
	(14, '2023-11-07 07:54:41.376841', 321, 12, 1),
	(15, '2023-11-07 07:55:41.905929', 32, 321, 1),
	(16, '2023-11-07 08:26:06.360425', 22, 32, 1),
	(17, '2023-11-07 08:38:17.200051', 24, 22, 1),
	(18, '2023-11-07 08:39:43.749359', 1234, 24, 1),
	(19, '2023-11-07 18:05:04.146166', 30, 1234, 1),
	(20, '2023-11-08 09:16:32.449258', 124, 30, 1),
	(21, '2023-11-08 14:00:08.926898', 220, 124, 1),
	(22, '2023-11-09 09:37:10.073470', 120, 0, 19),
	(23, '2023-11-10 10:16:26.627157', 22, 123, 31),
	(24, '2023-11-13 14:29:08.598059', 65.4, 123, 34),
	(25, '2023-11-14 11:33:13.420706', 42, 220, 1),
	(26, '2023-11-14 11:36:44.638269', 32, 42, 1),
	(27, '2023-11-14 11:58:22.856694', 35, 32, 1),
	(28, '2023-11-14 11:58:56.502987', 40, 35, 1),
	(29, '2023-11-15 09:58:51.660018', 122, 123, 43);

-- 테이블 muscle.user_routine 구조 내보내기
CREATE TABLE IF NOT EXISTS `user_routine` (
  `routine_key` int NOT NULL AUTO_INCREMENT,
  `count` int DEFAULT NULL,
  `is_deleted` char(1) DEFAULT NULL,
  `routine_name` varchar(255) DEFAULT NULL,
  `user_key` int DEFAULT NULL,
  PRIMARY KEY (`routine_key`),
  KEY `FK13e0mb4wyqfldmar2a5qff914` (`user_key`),
  CONSTRAINT `FK13e0mb4wyqfldmar2a5qff914` FOREIGN KEY (`user_key`) REFERENCES `user` (`user_key`)
) ENGINE=InnoDB AUTO_INCREMENT=153 DEFAULT CHARSET=utf8mb4 COLLATE=utf8mb4_0900_ai_ci;

-- 테이블 데이터 muscle.user_routine:~148 rows (대략적) 내보내기
DELETE FROM `user_routine`;
INSERT INTO `user_routine` (`routine_key`, `count`, `is_deleted`, `routine_name`, `user_key`) VALUES
	(1, 0, 'N', '추천 루틴', 1),
	(2, 0, 'N', '이이잉', 1),
	(3, 0, 'N', '이두 종합', 2),
	(4, 0, 'N', 'fasdf', 1),
	(5, 0, 'N', 'mogun1234', 1),
	(6, 0, 'N', 'mogun1234', 1),
	(7, 0, 'N', 'mogun1234', 1),
	(8, 0, 'N', 'mogun1234', 1),
	(9, 0, 'N', 'mogun1234', 1),
	(10, 0, 'N', 'mogun1234', 1),
	(11, 0, 'N', 'mogun1234', 1),
	(12, 0, 'N', 'mogun1234', 1),
	(13, 0, 'N', 'mogun1234', 1),
	(14, 0, 'N', 'mogun1234', 1),
	(15, 0, 'N', 'mogun1234', 1),
	(16, 0, 'N', 'mogun1234', 1),
	(17, 0, 'N', 'mogun1234', 1),
	(18, 0, 'N', 'mogun1234', 1),
	(19, 0, 'N', 'mogun1234', 1),
	(20, 0, 'N', 'mogun1234', 1),
	(21, 0, 'Y', 'ab', 11),
	(22, 0, 'Y', NULL, 11),
	(23, 0, 'N', 'mogun1234', 11),
	(24, 0, 'N', 'mogun1234', 11),
	(25, 0, 'Y', 'mogun1234', 11),
	(26, 0, 'N', 'mogun1234', 11),
	(27, 0, 'N', 'mogun1234', 11),
	(28, 0, 'N', 'mogun1234', 11),
	(29, 0, 'N', 'mogun1234', 11),
	(30, 0, 'N', 'mogun1234', 11),
	(31, 0, 'Y', 'mogun1234', 11),
	(32, 0, 'Y', 'mogun1234', 11),
	(33, 0, 'N', 'mogun1234', 11),
	(34, 0, 'N', 'mogun1234', 11),
	(35, 0, 'N', 'mogun1234', 11),
	(36, 0, 'N', 'mogun1234', 11),
	(37, 0, 'N', 'mogun1234', 11),
	(38, 0, 'N', 'mogun1234', 11),
	(39, 0, 'N', 'mogun1234', 11),
	(40, 0, 'N', 'mogun1234', 11),
	(41, 0, 'N', 'mogun1234', 11),
	(42, 0, 'N', 'mogun1234', 11),
	(43, 0, 'N', 'mogun1234', 11),
	(44, 0, 'N', 'mogun1234', 11),
	(45, 0, 'N', '모근이', 12),
	(46, 0, 'N', 'mogun1234', 12),
	(47, 0, 'N', 'mogun1234', 12),
	(48, 0, 'N', 'mogun1234', 12),
	(49, 0, 'N', 'mogun1234', 12),
	(50, 0, 'N', '모근이', 12),
	(51, 0, 'N', 'mogun1234', 12),
	(52, 0, 'N', 'mogun1234', 12),
	(53, 0, 'N', 'mogun1234', 12),
	(54, 0, 'N', 'success???', 12),
	(55, 0, 'N', 'success???', 12),
	(56, 0, 'N', 'success???', 12),
	(57, 0, 'N', '모근이', 13),
	(58, 0, 'N', '모근이123421', 12),
	(59, 0, 'N', 'success???', 12),
	(60, 0, 'N', 'success???', 12),
	(61, 0, 'N', 'success???', 12),
	(62, 0, 'N', 'success???', 12),
	(63, 0, 'N', 'success???', 12),
	(64, 0, 'N', 'success???', 1),
	(65, 0, 'N', 'success???', 1),
	(66, 0, 'N', 'success???', 1),
	(67, 0, 'N', 'success???', 1),
	(68, 0, 'N', 'success???', 11),
	(69, 0, 'N', '되냐?', 11),
	(70, 0, 'Y', 'validation', 11),
	(71, 0, 'N', '', 11),
	(72, 0, 'N', '?????', 11),
	(73, 0, 'N', 'DFDF', 19),
	(74, 0, 'N', '', 1),
	(75, 0, 'N', 'ddddd', 11),
	(76, 0, 'N', 'zzz', 11),
	(77, 0, 'N', 'hihi', 11),
	(78, 0, 'N', 'fsdfsd', 11),
	(79, 0, 'N', 'gdfgfdgfdgfd', 11),
	(80, 0, 'N', 'gggg', 11),
	(81, 0, 'N', 'fdsfsdfdsfdsfdsfdsfdsdfs', 1),
	(84, 0, 'N', 'a', 11),
	(85, 0, 'N', 'fewfwe', 11),
	(86, 0, 'N', 'r?', 11),
	(87, 0, 'N', 'zz', 11),
	(88, 0, 'N', 'ggg', 11),
	(89, 0, 'N', 'dddddddfdf', 11),
	(90, 0, 'N', 'hhhh', 11),
	(91, 0, 'N', 'zxZXz', 11),
	(92, 0, 'N', 'xczxc', 11),
	(93, 0, 'N', 'ss', 11),
	(94, 0, 'N', 'dd', 11),
	(95, 0, 'N', '등, 이두', 11),
	(96, 0, 'N', '등, 이두', 11),
	(97, 0, 'N', 'dd', 31),
	(98, 0, 'N', 'afasf', 31),
	(99, 0, 'N', NULL, 11),
	(100, 0, 'N', '123', 31),
	(101, 0, 'N', 'ss', 31),
	(102, 0, 'N', '등, 이두', 2),
	(103, 0, 'N', '등, 이두', 31),
	(104, 0, 'N', 'dfd', 31),
	(105, 0, 'N', 'sss', 31),
	(106, 0, 'N', 'ddddd', 31),
	(107, 0, 'N', 'aa', 31),
	(108, 0, 'N', 'dd', 31),
	(109, 0, 'N', '등, 이두', 31),
	(110, 0, 'N', 'dd', 31),
	(111, 0, 'N', 'dd', 31),
	(112, 0, 'N', 'dd', 31),
	(113, 0, 'N', 'aaa', 31),
	(114, 0, 'N', 'dd', 31),
	(115, 0, 'N', 'fff', 31),
	(116, 0, 'N', 'ssss', 31),
	(117, 0, 'N', 'dd', 31),
	(118, 0, 'N', 'leeminkyu', 31),
	(119, 0, 'N', 'dddd', 32),
	(120, 0, 'N', 'myroutine', 1),
	(121, 0, 'N', 'qq', 32),
	(122, 0, 'N', '123', 32),
	(123, 0, 'N', '32', 32),
	(124, 0, 'N', 'qq', 32),
	(125, 0, 'N', 'ddd', 32),
	(126, 0, 'N', '34', 32),
	(127, 0, 'N', '23', 32),
	(128, 0, 'N', 'leg', 32),
	(129, 0, 'N', 'chest', 33),
	(130, 0, 'N', 'back', 33),
	(131, 0, 'N', 'leg', 33),
	(132, 0, 'N', 'ss', 33),
	(133, 0, 'N', 'test', 33),
	(134, 0, 'N', 'dd', 33),
	(135, 0, 'N', 'fff', 33),
	(136, 0, 'N', 'fff', 34),
	(137, 0, 'N', 'gg', 34),
	(138, 0, 'Y', 'QQQ', 11),
	(139, 0, 'Y', 'WW', 11),
	(140, 0, 'Y', 'aa', 11),
	(141, 0, 'Y', 'ww', 11),
	(142, 0, 'Y', 'dd', 11),
	(143, 0, 'N', 'ssss', 11),
	(144, 0, 'Y', 'ff', 11),
	(145, 0, 'N', 'ttt', 11),
	(146, 0, 'N', 'test1', 39),
	(147, 0, 'N', 'ChestDay', 42),
	(148, 0, 'N', 'BackDay', 42),
	(149, 0, 'N', 'SholderDay', 42),
	(150, 0, 'N', 'LegDay', 42),
	(151, 0, 'Y', 'qwe', 43),
	(152, 0, 'N', 'sadgfg', 43);

-- 테이블 muscle.user_routine_plan 구조 내보내기
CREATE TABLE IF NOT EXISTS `user_routine_plan` (
  `routine_plan_key` int NOT NULL,
  `set_amount` int DEFAULT NULL,
  `exec_key` tinyint DEFAULT NULL,
  `user_key` int DEFAULT NULL,
  `routine_key` int DEFAULT NULL,
  PRIMARY KEY (`routine_plan_key`),
  KEY `FKrlbxr6qxu4it5j0me9moe1wqm` (`exec_key`),
  KEY `FK48a4p2wneu5brq8gepok3ahsa` (`user_key`),
  KEY `FK2t35l1fui3nfapvrnncqd1tpo` (`routine_key`),
  CONSTRAINT `FK2t35l1fui3nfapvrnncqd1tpo` FOREIGN KEY (`routine_key`) REFERENCES `user_routine` (`routine_key`),
  CONSTRAINT `FK48a4p2wneu5brq8gepok3ahsa` FOREIGN KEY (`user_key`) REFERENCES `user` (`user_key`),
  CONSTRAINT `FKrlbxr6qxu4it5j0me9moe1wqm` FOREIGN KEY (`exec_key`) REFERENCES `exercise` (`exec_key`)
) ENGINE=InnoDB DEFAULT CHARSET=utf8mb4 COLLATE=utf8mb4_0900_ai_ci;

-- 테이블 데이터 muscle.user_routine_plan:~207 rows (대략적) 내보내기
DELETE FROM `user_routine_plan`;
INSERT INTO `user_routine_plan` (`routine_plan_key`, `set_amount`, `exec_key`, `user_key`, `routine_key`) VALUES
	(4, 7, 14, 1, 2),
	(34, 1, 1, 11, 31),
	(35, 1, 2, 11, 31),
	(36, 1, 3, 11, 31),
	(37, 1, 4, 11, 31),
	(38, 1, 1, 31, 115),
	(39, 1, 2, 31, 115),
	(40, 1, 3, 31, 115),
	(41, 1, 1, 31, 116),
	(42, 1, 2, 31, 116),
	(43, 1, 3, 31, 116),
	(44, 1, 1, 31, 117),
	(45, 1, 2, 31, 117),
	(49, 1, 1, 31, 118),
	(50, 1, 2, 31, 118),
	(51, 1, 3, 31, 118),
	(52, 1, 4, 31, 118),
	(60, 1, 2, 1, 120),
	(61, 1, 3, 1, 120),
	(62, 1, 1, 32, 121),
	(63, 1, 2, 32, 121),
	(64, 1, 3, 32, 121),
	(69, 1, 4, 32, 121),
	(70, 1, 5, 32, 121),
	(74, 1, 8, 32, 121),
	(75, 1, 11, 32, 121),
	(76, 1, 1, 32, 122),
	(77, 1, 2, 32, 122),
	(78, 1, 4, 32, 123),
	(79, 1, 3, 32, 123),
	(80, 1, 2, 32, 123),
	(81, 1, 4, 32, 122),
	(82, 1, 5, 32, 122),
	(83, 1, 6, 32, 124),
	(84, 1, 5, 32, 124),
	(85, 1, 7, 32, 124),
	(86, 1, 9, 32, 123),
	(87, 1, 8, 32, 123),
	(97, 1, 1, 31, 115),
	(98, 1, 2, 31, 115),
	(99, 1, 3, 31, 115),
	(100, 1, 4, 31, 115),
	(101, 1, 1, 31, 117),
	(102, 1, 2, 31, 117),
	(103, 1, 3, 31, 117),
	(104, 1, 1, 31, 115),
	(105, 1, 2, 31, 115),
	(106, 1, 3, 31, 115),
	(107, 1, 1, 31, 115),
	(108, 1, 2, 31, 115),
	(109, 1, 3, 31, 115),
	(110, 1, 4, 31, 115),
	(111, 1, 5, 31, 115),
	(112, 1, 6, 31, 115),
	(124, 1, 1, 32, 125),
	(125, 1, 2, 32, 125),
	(126, 1, 3, 32, 125),
	(127, 1, 4, 32, 126),
	(128, 1, 3, 32, 126),
	(129, 1, 2, 32, 127),
	(130, 1, 3, 32, 127),
	(131, 1, 1, 32, 125),
	(132, 1, 2, 32, 125),
	(133, 1, 3, 32, 125),
	(134, 1, 4, 32, 125),
	(207, 1, 7, 32, 128),
	(208, 1, 8, 32, 128),
	(209, 1, 9, 32, 128),
	(210, 1, 7, 32, 128),
	(211, 1, 8, 32, 128),
	(212, 1, 9, 32, 128),
	(213, 1, 1, 32, 128),
	(263, 1, 1, 32, 119),
	(264, 1, 2, 32, 119),
	(265, 1, 5, 32, 119),
	(283, 1, 4, 33, 130),
	(284, 1, 5, 33, 130),
	(285, 1, 6, 33, 130),
	(286, 1, 15, 33, 130),
	(287, 1, 8, 33, 130),
	(288, 1, 7, 33, 131),
	(289, 1, 9, 33, 131),
	(290, 1, 8, 33, 131),
	(291, 1, 3, 33, 132),
	(292, 1, 4, 33, 132),
	(293, 1, 7, 33, 132),
	(294, 1, 8, 33, 132),
	(295, 1, 9, 33, 132),
	(322, 1, 3, 33, 129),
	(323, 1, 16, 33, 129),
	(324, 1, 17, 33, 129),
	(325, 1, 4, 33, 129),
	(326, 1, 5, 33, 129),
	(327, 1, 5, 33, 133),
	(328, 1, 8, 33, 133),
	(329, 1, 6, 33, 133),
	(430, 1, 1, 33, 134),
	(431, 1, 2, 33, 134),
	(432, 1, 3, 33, 134),
	(433, 1, 6, 33, 134),
	(434, 1, 7, 33, 134),
	(445, 1, 18, 33, 135),
	(446, 1, 17, 33, 135),
	(447, 1, 16, 33, 135),
	(448, 1, 7, 34, 136),
	(449, 1, 9, 34, 136),
	(450, 1, 8, 34, 136),
	(451, 1, 1, 34, 136),
	(453, 1, 12, 34, 137),
	(454, 1, 13, 34, 137),
	(455, 1, 15, 34, 137),
	(456, 1, 17, 34, 137),
	(457, 1, 16, 34, 137),
	(458, 1, 9, 34, 137),
	(479, 1, 1, 1, 1),
	(484, 1, 1, 11, 21),
	(485, 1, 2, 11, 21),
	(486, 1, 3, 11, 21),
	(487, 1, 2, 11, 22),
	(488, 1, 3, 11, 22),
	(489, 1, 5, 11, 22),
	(490, 1, 8, 11, 22),
	(491, 1, 13, 11, 22),
	(492, 1, 14, 11, 22),
	(499, 1, 1, 11, 139),
	(500, 1, 2, 11, 139),
	(501, 1, 3, 11, 139),
	(502, 1, 4, 11, 139),
	(503, 1, 1, 11, 140),
	(504, 1, 2, 11, 140),
	(505, 1, 3, 11, 140),
	(506, 1, 1, 11, 141),
	(507, 1, 5, 11, 141),
	(508, 1, 6, 11, 141),
	(509, 1, 7, 11, 141),
	(510, 1, 8, 11, 142),
	(511, 1, 7, 11, 142),
	(512, 1, 6, 11, 142),
	(513, 1, 5, 11, 142),
	(514, 1, 5, 1, 4),
	(515, 1, 13, 11, 143),
	(516, 1, 12, 11, 143),
	(517, 1, 15, 11, 143),
	(518, 1, 14, 11, 143),
	(519, 1, 3, 11, 143),
	(520, 1, 4, 11, 143),
	(521, 1, 8, 11, 144),
	(522, 1, 9, 11, 144),
	(523, 1, 7, 11, 144),
	(524, 1, 6, 11, 144),
	(525, 1, 5, 11, 144),
	(526, 1, 9, 11, 145),
	(527, 1, 10, 11, 145),
	(528, 1, 11, 11, 145),
	(529, 1, 8, 11, 145),
	(534, 1, 1, 39, 146),
	(535, 1, 2, 39, 146),
	(536, 1, 3, 39, 146),
	(551, 1, 12, 1, 1),
	(552, 1, 13, 1, 1),
	(553, 1, 16, 1, 1),
	(554, 1, 15, 1, 1),
	(555, 1, 14, 1, 1),
	(556, 1, 2, 1, 1),
	(557, 1, 3, 1, 1),
	(558, 1, 4, 1, 1),
	(559, 1, 5, 1, 1),
	(560, 1, 1, 42, 147),
	(561, 1, 2, 42, 147),
	(562, 1, 3, 42, 147),
	(563, 1, 16, 42, 147),
	(564, 1, 17, 42, 147),
	(565, 1, 18, 42, 147),
	(566, 1, 25, 42, 147),
	(567, 1, 26, 42, 147),
	(568, 1, 27, 42, 147),
	(569, 1, 4, 42, 148),
	(570, 1, 5, 42, 148),
	(571, 1, 6, 42, 148),
	(572, 1, 13, 42, 148),
	(573, 1, 15, 42, 148),
	(574, 1, 14, 42, 148),
	(575, 1, 25, 42, 148),
	(576, 1, 26, 42, 148),
	(577, 1, 27, 42, 148),
	(578, 1, 10, 42, 149),
	(579, 1, 11, 42, 149),
	(580, 1, 12, 42, 149),
	(581, 1, 17, 42, 149),
	(582, 1, 16, 42, 149),
	(583, 1, 18, 42, 149),
	(584, 1, 25, 42, 149),
	(585, 1, 26, 42, 149),
	(586, 1, 27, 42, 149),
	(587, 1, 7, 42, 150),
	(588, 1, 8, 42, 150),
	(589, 1, 9, 42, 150),
	(590, 1, 22, 42, 150),
	(591, 1, 23, 42, 150),
	(592, 1, 24, 42, 150),
	(593, 1, 19, 42, 150),
	(594, 1, 20, 42, 150),
	(595, 1, 21, 42, 150),
	(596, 1, 13, 42, 150),
	(597, 1, 14, 42, 150),
	(598, 1, 15, 42, 150),
	(619, 1, 4, 42, 147),
	(663, 1, 1, 43, 151),
	(664, 1, 4, 43, 151),
	(665, 1, 7, 43, 151),
	(666, 1, 8, 43, 151),
	(667, 1, 11, 43, 151),
	(668, 1, 14, 43, 151),
	(669, 1, 4, 43, 152),
	(670, 1, 3, 43, 152),
	(671, 1, 6, 43, 152),
	(672, 1, 8, 43, 152),
	(673, 1, 11, 43, 152),
	(674, 1, 14, 43, 152),
	(675, 1, 23, 43, 152),
	(676, 1, 26, 43, 152);

-- 테이블 muscle.user_weight_log 구조 내보내기
CREATE TABLE IF NOT EXISTS `user_weight_log` (
  `log_key` bigint NOT NULL AUTO_INCREMENT,
  `changed_time` datetime(6) DEFAULT NULL,
  `weight_after` float DEFAULT NULL,
  `weight_before` float DEFAULT NULL,
  `user_key` int DEFAULT NULL,
  PRIMARY KEY (`log_key`),
  KEY `FK5p602qbc6w1h03fjma6hvrj32` (`user_key`),
  CONSTRAINT `FK5p602qbc6w1h03fjma6hvrj32` FOREIGN KEY (`user_key`) REFERENCES `user` (`user_key`)
) ENGINE=InnoDB AUTO_INCREMENT=41 DEFAULT CHARSET=utf8mb4 COLLATE=utf8mb4_0900_ai_ci;

-- 테이블 데이터 muscle.user_weight_log:~32 rows (대략적) 내보내기
DELETE FROM `user_weight_log`;
INSERT INTO `user_weight_log` (`log_key`, `changed_time`, `weight_after`, `weight_before`, `user_key`) VALUES
	(9, '2023-11-07 02:26:13.648456', 65.4, 123, 12),
	(10, '2023-11-07 02:26:53.247431', 123, 65.4, 12),
	(11, '2023-11-07 02:28:36.296903', 321, 123, 12),
	(12, '2023-11-07 02:29:45.663084', 123, 321, 12),
	(13, '2023-11-07 04:38:27.410070', 123, 10, 1),
	(14, '2023-11-07 07:51:46.218962', 421, 123, 1),
	(15, '2023-11-07 07:54:41.375201', 321, 421, 1),
	(16, '2023-11-07 07:55:41.904434', 32, 321, 1),
	(17, '2023-11-07 08:38:17.198460', 24, 32, 1),
	(18, '2023-11-07 08:39:04.718030', 12, 24, 1),
	(19, '2023-11-07 08:51:25.406828', 10, 12, 1),
	(20, '2023-11-07 18:05:04.141741', 175.6, 10, 1),
	(21, '2023-11-08 09:16:32.447036', 241, 175.6, 1),
	(22, '2023-11-08 13:52:08.279554', 124, 241, 1),
	(23, '2023-11-08 14:00:08.924918', 241, 124, 1),
	(24, '2023-11-09 09:22:23.423537', 124, 241, 1),
	(25, '2023-11-09 09:36:57.029377', 1230, 0, 19),
	(26, '2023-11-09 09:37:10.071758', 0, 1230, 19),
	(27, '2023-11-13 14:29:08.592089', 65.4, 123, 34),
	(28, '2023-11-13 14:36:07.262042', 177.6, 65.4, 34),
	(29, '2023-11-13 14:38:30.972644', 65.4, 177.6, 34),
	(30, '2023-11-14 10:46:39.565091', 183, 106, 39),
	(31, '2023-11-14 11:12:48.370868', 120, 124, 1),
	(32, '2023-11-14 11:31:21.973351', 23, 120, 1),
	(33, '2023-11-14 11:33:13.419100', 42, 23, 1),
	(34, '2023-11-14 11:44:32.219598', 421, 42, 1),
	(35, '2023-11-14 11:52:02.980167', 42, 421, 1),
	(36, '2023-11-14 11:58:22.854206', 421, 42, 1),
	(37, '2023-11-14 11:58:56.501696', 42, 421, 1),
	(38, '2023-11-14 12:01:45.707408', 123, 42, 1),
	(39, '2023-11-14 15:02:15.289257', 42, 123, 1),
	(40, '2023-11-14 17:26:37.903798', 120, 42, 1);

/*!40103 SET TIME_ZONE=IFNULL(@OLD_TIME_ZONE, 'system') */;
/*!40101 SET SQL_MODE=IFNULL(@OLD_SQL_MODE, '') */;
/*!40014 SET FOREIGN_KEY_CHECKS=IFNULL(@OLD_FOREIGN_KEY_CHECKS, 1) */;
/*!40101 SET CHARACTER_SET_CLIENT=@OLD_CHARACTER_SET_CLIENT */;
/*!40111 SET SQL_NOTES=IFNULL(@OLD_SQL_NOTES, 1) */;
